{"cameraMode":{"drawMode":0,"name":"Shaded","section":"Shading Mode"},"sceneLighting":false,"audioPlay":false,"sceneViewState":{"m_AlwaysRefresh":false,"showFog":true,"showSkybox":false,"showFlares":true,"showImageEffects":true,"showParticleSystems":true,"showVisualEffectGraphs":true,"m_FxEnabled":true},"in2DMode":false,"pivot":{"x":-6.143922805786133,"y":0.6884068846702576,"z":-13.764391899108887},"rotation":{"x":0.004736754111945629,"y":-0.9761345386505127,"z":0.017703725025057794,"w":0.21694408357143403},"size":8.993289947509766,"orthographic":false}