{"cameraMode":{"drawMode":0,"name":"Shaded","section":"Shading Mode"},"sceneLighting":false,"audioPlay":false,"sceneViewState":{"m_AlwaysRefresh":false,"showFog":true,"showSkybox":false,"showFlares":true,"showImageEffects":true,"showParticleSystems":true,"showVisualEffectGraphs":true,"m_FxEnabled":true},"in2DMode":false,"pivot":{"x":325.0862731933594,"y":107.0486068725586,"z":42.99056625366211},"rotation":{"x":-0.040690548717975619,"y":0.8515409827232361,"z":-0.06577293574810028,"w":-0.5187867879867554},"size":0.40701234340667727,"orthographic":false}