{"cameraMode":{"drawMode":0,"name":"Shaded","section":"Shading Mode"},"sceneLighting":false,"audioPlay":false,"sceneViewState":{"m_AlwaysRefresh":false,"showFog":true,"showSkybox":false,"showFlares":true,"showImageEffects":true,"showParticleSystems":true,"showVisualEffectGraphs":true,"m_FxEnabled":true},"in2DMode":false,"pivot":{"x":325.7304992675781,"y":107.15657806396485,"z":43.325950622558597},"rotation":{"x":-0.07950200885534287,"y":0.7562222480773926,"z":-0.09269498288631439,"w":-0.6430032253265381},"size":0.10701227188110352,"orthographic":false}