{"cameraMode":{"drawMode":0,"name":"Shaded","section":"Shading Mode"},"sceneLighting":false,"audioPlay":false,"sceneViewState":{"m_AlwaysRefresh":false,"showFog":true,"showSkybox":false,"showFlares":true,"showImageEffects":true,"showParticleSystems":true,"showVisualEffectGraphs":true,"m_FxEnabled":true},"in2DMode":false,"pivot":{"x":325.93878173828127,"y":107.35157775878906,"z":43.35366439819336},"rotation":{"x":-0.10681059211492539,"y":0.7288777828216553,"z":-0.11611030250787735,"w":-0.6663962006568909},"size":0.7070123553276062,"orthographic":false}