{"cameraMode":{"drawMode":0,"name":"Shaded","section":"Shading Mode"},"sceneLighting":false,"audioPlay":false,"sceneViewState":{"m_AlwaysRefresh":false,"showFog":true,"showSkybox":false,"showFlares":true,"showImageEffects":true,"showParticleSystems":true,"showVisualEffectGraphs":true,"m_FxEnabled":true},"in2DMode":false,"pivot":{"x":325.5715637207031,"y":107.02864074707031,"z":43.759037017822269},"rotation":{"x":-0.1054929792881012,"y":0.07068151980638504,"z":-0.006992264185100794,"w":-0.9920032620429993},"size":1.3070123195648194,"orthographic":false}