{"cameraMode":{"drawMode":0,"name":"Shaded","section":"Shading Mode"},"sceneLighting":false,"audioPlay":false,"sceneViewState":{"m_AlwaysRefresh":false,"showFog":true,"showSkybox":true,"showFlares":true,"showImageEffects":true,"showParticleSystems":true,"showVisualEffectGraphs":true,"m_FxEnabled":true},"in2DMode":false,"pivot":{"x":118.9980239868164,"y":24.667646408081056,"z":-131.0740203857422},"rotation":{"x":0.0032843772787600757,"y":-0.6265413165092468,"z":-0.0026008852291852237,"w":-0.7794060707092285},"size":1.6942209005355836,"orthographic":false}