{"cameraMode":{"drawMode":0,"name":"Shaded","section":"Shading Mode"},"sceneLighting":false,"audioPlay":false,"sceneViewState":{"m_AlwaysRefresh":false,"showFog":true,"showSkybox":true,"showFlares":true,"showImageEffects":true,"showParticleSystems":true,"showVisualEffectGraphs":true,"m_FxEnabled":true},"in2DMode":false,"pivot":{"x":80.52796173095703,"y":7.952733516693115,"z":-86.5367202758789},"rotation":{"x":-0.004729334730654955,"y":0.9276667237281799,"z":-0.011690778657793999,"w":-0.37322714924812319},"size":2.6010794639587404,"orthographic":false}