{"cameraMode":{"drawMode":0,"name":"Shaded","section":"Shading Mode"},"sceneLighting":false,"audioPlay":false,"sceneViewState":{"m_AlwaysRefresh":false,"showFog":true,"showSkybox":true,"showFlares":true,"showImageEffects":true,"showParticleSystems":true,"showVisualEffectGraphs":true,"m_FxEnabled":true},"in2DMode":false,"pivot":{"x":88.69502258300781,"y":14.323680877685547,"z":-118.32244110107422},"rotation":{"x":-0.006141857709735632,"y":-0.8507962822914124,"z":-0.009946528822183609,"w":0.5253708362579346},"size":2.6271657943725588,"orthographic":false}