{"cameraMode":{"drawMode":0,"name":"Shaded","section":"Shading Mode"},"sceneLighting":false,"audioPlay":false,"sceneViewState":{"m_AlwaysRefresh":false,"showFog":true,"showSkybox":true,"showFlares":true,"showImageEffects":true,"showParticleSystems":true,"showVisualEffectGraphs":true,"m_FxEnabled":true},"in2DMode":false,"pivot":{"x":61.76704406738281,"y":15.651129722595215,"z":-137.2485809326172},"rotation":{"x":-0.00030914394301362336,"y":-0.04258173704147339,"z":0.00004312293458497152,"w":-0.9991108179092407},"size":1.6942209005355836,"orthographic":false}