{"cameraMode":{"drawMode":0,"name":"Shaded","section":"Shading Mode"},"sceneLighting":false,"audioPlay":false,"sceneViewState":{"m_AlwaysRefresh":false,"showFog":true,"showSkybox":true,"showFlares":true,"showImageEffects":true,"showParticleSystems":true,"showVisualEffectGraphs":true,"m_FxEnabled":true},"in2DMode":false,"pivot":{"x":85.94766235351563,"y":13.285696029663086,"z":-113.55226135253906},"rotation":{"x":0.10979205369949341,"y":-0.7015939354896545,"z":0.11078330129384995,"w":0.6953133344650269},"size":1.5943421125411988,"orthographic":false}