{"cameraMode":{"drawMode":0,"name":"Shaded","section":"Shading Mode"},"sceneLighting":false,"audioPlay":false,"sceneViewState":{"m_AlwaysRefresh":false,"showFog":true,"showSkybox":true,"showFlares":true,"showImageEffects":true,"showParticleSystems":true,"showVisualEffectGraphs":true,"m_FxEnabled":true},"in2DMode":false,"pivot":{"x":79.65946960449219,"y":61.27504348754883,"z":-83.46925354003906},"rotation":{"x":-0.38393744826316836,"y":0.05562753230333328,"z":-0.023180460557341577,"w":-0.9213998317718506},"size":17.017297744750978,"orthographic":false}