{"cameraMode":{"drawMode":0,"name":"Shaded","section":"Shading Mode"},"sceneLighting":false,"audioPlay":false,"sceneViewState":{"m_AlwaysRefresh":false,"showFog":true,"showSkybox":false,"showFlares":true,"showImageEffects":true,"showParticleSystems":true,"showVisualEffectGraphs":true,"m_FxEnabled":true},"in2DMode":false,"pivot":{"x":322.5363464355469,"y":106.83309173583985,"z":38.34253692626953},"rotation":{"x":-0.020492207258939744,"y":0.9778683185577393,"z":-0.10979369282722473,"w":-0.17760299146175385},"size":0.08780169486999512,"orthographic":false}