{"cameraMode":{"drawMode":0,"name":"Shaded","section":"Shading Mode"},"sceneLighting":true,"audioPlay":false,"sceneViewState":{"m_AlwaysRefresh":false,"showFog":true,"showSkybox":true,"showFlares":true,"showImageEffects":true,"showParticleSystems":true,"showVisualEffectGraphs":true,"m_FxEnabled":true},"in2DMode":false,"pivot":{"x":159.1212158203125,"y":101.46604919433594,"z":-10.720902442932129},"rotation":{"x":-0.028924932703375818,"y":0.9721975922584534,"z":-0.2009504735469818,"w":-0.12108960002660752},"size":42.17976379394531,"orthographic":false}