{"cameraMode":{"drawMode":0,"name":"Shaded","section":"Shading Mode"},"sceneLighting":false,"audioPlay":false,"sceneViewState":{"m_AlwaysRefresh":false,"showFog":true,"showSkybox":true,"showFlares":true,"showImageEffects":true,"showParticleSystems":true,"showVisualEffectGraphs":true,"m_FxEnabled":true},"in2DMode":false,"pivot":{"x":345.8503723144531,"y":118.00148010253906,"z":235.26040649414063},"rotation":{"x":-0.08331757038831711,"y":-0.7823172211647034,"z":0.10722357779741287,"w":-0.6079046726226807},"size":12.127042770385743,"orthographic":false}