{"cameraMode":{"drawMode":0,"name":"Shaded","section":"Shading Mode"},"sceneLighting":false,"audioPlay":false,"sceneViewState":{"m_AlwaysRefresh":false,"showFog":true,"showSkybox":true,"showFlares":true,"showImageEffects":true,"showParticleSystems":true,"showVisualEffectGraphs":true,"m_FxEnabled":true},"in2DMode":false,"pivot":{"x":342.9788513183594,"y":48.26853561401367,"z":152.49842834472657},"rotation":{"x":0.002437382936477661,"y":0.9265864491462708,"z":-0.37666407227516177,"w":0.005173132289201021},"size":2.0660252571105959,"orthographic":false}