{"cameraMode":{"drawMode":0,"name":"Shaded","section":"Shading Mode"},"sceneLighting":false,"audioPlay":false,"sceneViewState":{"m_AlwaysRefresh":false,"showFog":true,"showSkybox":true,"showFlares":true,"showImageEffects":true,"showParticleSystems":true,"showVisualEffectGraphs":true,"m_FxEnabled":true},"in2DMode":false,"pivot":{"x":109.2423324584961,"y":40.88500213623047,"z":-86.21017456054688},"rotation":{"x":0.6756130456924439,"y":-0.011057436466217041,"z":0.010134875774383545,"w":0.7371047139167786},"size":25.737403869628908,"orthographic":false}