{"cameraMode":{"drawMode":0,"name":"Shaded","section":"Shading Mode"},"sceneLighting":false,"audioPlay":false,"sceneViewState":{"m_AlwaysRefresh":false,"showFog":true,"showSkybox":true,"showFlares":true,"showImageEffects":true,"showParticleSystems":true,"showVisualEffectGraphs":true,"m_FxEnabled":true},"in2DMode":false,"pivot":{"x":158.6597137451172,"y":75.62545776367188,"z":26.155658721923829},"rotation":{"x":0.06969480216503144,"y":0.8758025765419006,"z":-0.45895108580589297,"w":0.13287653028964997},"size":25.69954490661621,"orthographic":false}