{"cameraMode":{"drawMode":0,"name":"Shaded","section":"Shading Mode"},"sceneLighting":false,"audioPlay":false,"sceneViewState":{"m_AlwaysRefresh":false,"showFog":true,"showSkybox":true,"showFlares":true,"showImageEffects":true,"showParticleSystems":true,"showVisualEffectGraphs":true,"m_FxEnabled":true},"in2DMode":false,"pivot":{"x":319.60797119140627,"y":119.43006896972656,"z":205.83717346191407},"rotation":{"x":-0.015049480833113194,"y":0.9422199130058289,"z":-0.04272075742483139,"w":-0.3319191634654999},"size":7.831451892852783,"orthographic":false}