{"cameraMode":{"drawMode":0,"name":"Shaded","section":"Shading Mode"},"sceneLighting":true,"audioPlay":false,"sceneViewState":{"m_AlwaysRefresh":false,"showFog":true,"showSkybox":true,"showFlares":true,"showImageEffects":true,"showParticleSystems":true,"showVisualEffectGraphs":true,"m_FxEnabled":true},"in2DMode":false,"pivot":{"x":19.787904739379884,"y":10.639731407165528,"z":-126.372802734375},"rotation":{"x":0.022513501346111299,"y":-0.7593287229537964,"z":0.02615855075418949,"w":0.6503849625587463},"size":48.678688049316409,"orthographic":false}