{"cameraMode":{"drawMode":0,"name":"Shaded","section":"Shading Mode"},"sceneLighting":false,"audioPlay":false,"sceneViewState":{"m_AlwaysRefresh":false,"showFog":true,"showSkybox":true,"showFlares":true,"showImageEffects":true,"showParticleSystems":true,"showVisualEffectGraphs":true,"m_FxEnabled":true},"in2DMode":false,"pivot":{"x":347.8023986816406,"y":46.217735290527347,"z":154.20384216308595},"rotation":{"x":-0.02601710520684719,"y":0.6849943995475769,"z":0.024869797751307489,"w":0.7278603315353394},"size":5.3016533851623539,"orthographic":false}