{"cameraMode":{"drawMode":0,"name":"Shaded","section":"Shading Mode"},"sceneLighting":true,"audioPlay":false,"sceneViewState":{"m_AlwaysRefresh":false,"showFog":true,"showSkybox":true,"showFlares":true,"showImageEffects":true,"showParticleSystems":true,"showVisualEffectGraphs":true,"m_FxEnabled":true},"in2DMode":false,"pivot":{"x":108.20062255859375,"y":20.481204986572267,"z":-136.45660400390626},"rotation":{"x":0.2450357973575592,"y":-0.26180845499038699,"z":0.06936215609312058,"w":0.9312912821769714},"size":0.9571341276168823,"orthographic":false}