{"cameraMode":{"drawMode":0,"name":"Shaded","section":"Shading Mode"},"sceneLighting":false,"audioPlay":false,"sceneViewState":{"m_AlwaysRefresh":false,"showFog":true,"showSkybox":true,"showFlares":true,"showImageEffects":true,"showParticleSystems":true,"showVisualEffectGraphs":true,"m_FxEnabled":true},"in2DMode":false,"pivot":{"x":96.92848205566406,"y":-19.630325317382814,"z":-107.64128875732422},"rotation":{"x":-0.5200831294059753,"y":0.04549212008714676,"z":-0.027819178998470308,"w":-0.8524899482727051},"size":29.377656936645509,"orthographic":false}