{"cameraMode":{"drawMode":0,"name":"Shaded","section":"Shading Mode"},"sceneLighting":false,"audioPlay":false,"sceneViewState":{"m_AlwaysRefresh":false,"showFog":true,"showSkybox":true,"showFlares":true,"showImageEffects":true,"showParticleSystems":true,"showVisualEffectGraphs":true,"m_FxEnabled":true},"in2DMode":false,"pivot":{"x":348.6415710449219,"y":109.00276184082031,"z":224.83944702148438},"rotation":{"x":-0.020517168566584588,"y":0.3803718686103821,"z":0.008446498773992062,"w":0.9245795607566834},"size":1.4016530513763428,"orthographic":false}