{"cameraMode":{"drawMode":0,"name":"Shaded","section":"Shading Mode"},"sceneLighting":false,"audioPlay":false,"sceneViewState":{"m_AlwaysRefresh":false,"showFog":true,"showSkybox":true,"showFlares":true,"showImageEffects":true,"showParticleSystems":true,"showVisualEffectGraphs":true,"m_FxEnabled":true},"in2DMode":false,"pivot":{"x":96.70336151123047,"y":15.788414001464844,"z":-122.28157043457031},"rotation":{"x":0.006115349475294352,"y":-0.9811771512031555,"z":0.19043998420238496,"w":0.0315132737159729},"size":3.9262545108795168,"orthographic":false}